[{
		"GraphName": "GetProjectCounts.dyn",
        "InputFolder": "input.zip",
        "InputFileNames": [],
        "ResultFolder": "result",
        "Packages": ["packages"],
		"NodeInput": [{
				"Id": "2ece77cbe7be4845b3d4d94abea6410f",
				"Name": "Value",
				"Value": "{3D}"
			},
		],
	}, {
		"GraphName": "GetCategoryParameters.dyn",
        "InputFolder": "input.zip",
        "InputFileNames": [],
        "ResultFolder": "result",
        "Packages": ["packages"],
		"NodeInput": [{
				"Id": "2ece77cbe7be4845b3d4d94abea6410f",
				"Name": "Value",
				"Value": "Windows"
			},
		],
	}, {
		"GraphName": "GetCategoryParameters.dyn",
        "InputFolder": "input.zip",
        "InputFileNames": [],
        "ResultFolder": "result",
        "Packages": ["packages"],
		"NodeInput": [{
				"Id": "2ece77cbe7be4845b3d4d94abea6410f",
				"Name": "Value",
				"Value": "Doors"
			},
		],
	},
]
