{
   "annotation": { "description": "Acceleration." },
   "typeid": "autodesk.unit.quantity:acceleration-1.0.1",
   "inherits": [ "autodesk.unit:quantity-1.0.0" ],
   "constants": [
      { "id": "name", "value": "Acceleration" },
      {
         "id": "units",
         "typedValue": [
            { "typeid": "autodesk.unit.unit:metersPerSecondSquared-1.0.1" },
            { "typeid": "autodesk.unit.unit:kilometersPerSecondSquared-1.0.1" },
            { "typeid": "autodesk.unit.unit:inchesPerSecondSquared-1.0.1" },
            { "typeid": "autodesk.unit.unit:feetPerSecondSquared-1.0.1" },
            { "typeid": "autodesk.unit.unit:milesPerSecondSquared-1.0.1" },
            { "typeid": "autodesk.unit.unit:standardGravity-1.0.1" }
         ]
      }
   ]
}
