{
   "annotation": { "description": "Angular Point Spring Coefficient." },
   "typeid": "autodesk.unit.quantity:angularPointSpringCoefficient-1.0.1",
   "inherits": [ "autodesk.unit:quantity-1.0.0" ],
   "constants": [
      { "id": "name", "value": "Angular Point Spring Coefficient" },
      {
         "id": "units",
         "typedValue": [
            { "typeid": "autodesk.unit.unit:kipFeetPerDegree-1.0.1" },
            { "typeid": "autodesk.unit.unit:kilonewtonMetersPerDegree-1.0.1" }
         ]
      }
   ]
}
