{
   "annotation": { "description": "Area per Length." },
   "typeid": "autodesk.unit.quantity:areaPerLength-1.0.1",
   "inherits": [ "autodesk.unit:quantity-1.0.0" ],
   "constants": [
      { "id": "name", "value": "Area per Length" },
      {
         "id": "units",
         "typedValue": [
            { "typeid": "autodesk.unit.unit:squareFeetPerFoot-1.0.1" },
            { "typeid": "autodesk.unit.unit:squareCentimetersPerMeter-1.0.1" },
            { "typeid": "autodesk.unit.unit:squareMillimetersPerMeter-1.0.1" },
            { "typeid": "autodesk.unit.unit:squareInchesPerFoot-1.0.1" },
            { "typeid": "autodesk.unit.unit:squareMetersPerMeter-1.0.1" }
         ]
      }
   ]
}
