{
   "annotation": { "description": "Area per Power." },
   "typeid": "autodesk.unit.quantity:areaPerPower-1.0.1",
   "inherits": [ "autodesk.unit:quantity-1.0.0" ],
   "constants": [
      { "id": "name", "value": "Area per Power" },
      {
         "id": "units",
         "typedValue": [
            { "typeid": "autodesk.unit.unit:squareFeetPerTonOfRefrigeration-1.0.1" },
            { "typeid": "autodesk.unit.unit:squareMetersPerKilowatt-1.0.1" },
            { "typeid": "autodesk.unit.unit:squareFeetPer1000BritishThermalUnitsPerHour-1.0.1" }
         ]
      }
   ]
}
