{
   "annotation": { "description": "Electric Potential." },
   "typeid": "autodesk.unit.quantity:electricPotential-1.0.1",
   "inherits": [ "autodesk.unit:quantity-1.0.0" ],
   "constants": [
      { "id": "name", "value": "Electric Potential" },
      {
         "id": "units",
         "typedValue": [
            { "typeid": "autodesk.unit.unit:volts-1.0.1" },
            { "typeid": "autodesk.unit.unit:kilovolts-1.0.1" },
            { "typeid": "autodesk.unit.unit:millivolts-1.0.1" }
         ]
      }
   ]
}
