{
   "annotation": { "description": "Electric Charge." },
   "typeid": "autodesk.unit.quantity:electricCharge-1.0.0",
   "inherits": [ "autodesk.unit:quantity-1.0.0" ],
   "constants": [
      { "id": "name", "value": "Electric Charge" },
      {
         "id": "units",
         "typedValue": [
            { "typeid": "autodesk.unit.unit:coulombs-1.0.0" },
            { "typeid": "autodesk.unit.unit:ampereHours-1.0.0"},
            { "typeid": "autodesk.unit.unit:ampereSeconds-1.0.0"}
         ]
      }
   ]
}
