{
   "annotation": { "description": "Energy." },
   "typeid": "autodesk.unit.quantity:energy-1.0.3",
   "inherits": [ "autodesk.unit:quantity-1.0.0" ],
   "constants": [
      { "id": "name", "value": "Energy" },
      {
         "id": "units",
         "typedValue": [
            { "typeid": "autodesk.unit.unit:britishThermalUnits-1.0.1" },
            { "typeid": "autodesk.unit.unit:calories-1.0.1" },
            { "typeid": "autodesk.unit.unit:ergs-1.0.0"},
            { "typeid": "autodesk.unit.unit:gigajoules-1.0.0" },
            { "typeid": "autodesk.unit.unit:joules-1.0.1" },
            { "typeid": "autodesk.unit.unit:kilocalories-1.0.1" },
            { "typeid": "autodesk.unit.unit:kilogramForceMeters-1.0.1" },
            { "typeid": "autodesk.unit.unit:kilojoules-1.0.1" },
            { "typeid": "autodesk.unit.unit:kilowattHours-1.0.1" },
            { "typeid": "autodesk.unit.unit:megajoules-1.0.0" },
            { "typeid": "autodesk.unit.unit:megawattHours-1.0.0" },
            { "typeid": "autodesk.unit.unit:newtonMeters-1.0.1" },
            { "typeid": "autodesk.unit.unit:poundForceFeet-1.0.1" },
            { "typeid": "autodesk.unit.unit:therms-1.0.1" },
            { "typeid": "autodesk.unit.unit:thousandBritishThermalUnits-1.0.0" }
         ]
      }
   ]
}
