{
   "annotation": { "description": "Flow." },
   "typeid": "autodesk.unit.quantity:flow-1.0.3",
   "inherits": [ "autodesk.unit:quantity-1.0.0" ],
   "constants": [
      { "id": "name", "value": "Flow" },
      {
         "id": "units",
         "typedValue": [
            { "typeid": "autodesk.unit.unit:cubicFeetPerMinute-1.0.1" },
            { "typeid": "autodesk.unit.unit:cubicFeetPerHour-1.0.0" },
            { "typeid": "autodesk.unit.unit:cubicMetersPerSecond-1.0.1" },
            { "typeid": "autodesk.unit.unit:cubicMetersPerHour-1.0.1" },
            { "typeid": "autodesk.unit.unit:litersPerHour-1.0.1" },
            { "typeid": "autodesk.unit.unit:litersPerMinute-1.0.1" },
            { "typeid": "autodesk.unit.unit:litersPerSecond-1.0.1" },
            { "typeid": "autodesk.unit.unit:usGallonsPerMinute-1.0.1" },
            { "typeid": "autodesk.unit.unit:usGallonsPerHour-1.0.1" }
         ]
      }
   ]
}
