{
   "annotation": { "description": "Flow per Volume." },
   "typeid": "autodesk.unit.quantity:flowPerVolume-1.0.2",
   "inherits": [ "autodesk.unit:quantity-1.0.0" ],
   "constants": [
      { "id": "name", "value": "Flow per Volume" },
      {
         "id": "units",
         "typedValue": [
            { "typeid": "autodesk.unit.unit:cubicFeetPerMinuteCubicFoot-1.0.1" },
            { "typeid": "autodesk.unit.unit:cubicMetersPerHourCubicMeter-1.0.0" },
            { "typeid": "autodesk.unit.unit:litersPerSecondCubicMeter-1.0.1" }
         ]
      }
   ]
}
