{
   "annotation": { "description": "Flow per Power." },
   "typeid": "autodesk.unit.quantity:flowPerPower-1.0.2",
   "inherits": [ "autodesk.unit:quantity-1.0.0" ],
   "constants": [
      { "id": "name", "value": "Flow per Power" },
      {
         "id": "units",
         "typedValue": [
            { "typeid": "autodesk.unit.unit:cubicFeetPerMinutePerBritishThermalUnitPerHour-1.0.0" },
            { "typeid": "autodesk.unit.unit:cubicFeetPerMinuteTonOfRefrigeration-1.0.1" },
            { "typeid": "autodesk.unit.unit:cubicMetersPerWattSecond-1.0.0" },
            { "typeid": "autodesk.unit.unit:litersPerSecondKilowatt-1.0.1" },
            { "typeid": "autodesk.unit.unit:squareFeetPerKip-1.0.1" },
            { "typeid": "autodesk.unit.unit:squareMetersPerKilonewton-1.0.1" }
         ]
      }
   ]
}
