{
   "annotation": { "description": "Flow per Area." },
   "typeid": "autodesk.unit.quantity:flowPerArea-1.0.2",
   "inherits": [ "autodesk.unit:quantity-1.0.0" ],
   "constants": [
      { "id": "name", "value": "Flow per Area" },
      {
         "id": "units",
         "typedValue": [
            { "typeid": "autodesk.unit.unit:cubicFeetPerMinuteSquareFoot-1.0.1" },
            { "typeid": "autodesk.unit.unit:cubicFeetPerMinuteSquareMeter-1.0.0" },
            { "typeid": "autodesk.unit.unit:cubicMetersPerHourSquareMeter-1.0.0" },
            { "typeid": "autodesk.unit.unit:litersPerSecondSquareMeter-1.0.1" }
         ]
      }
   ]
}
