{
   "annotation": { "description": "Force." },
   "typeid": "autodesk.unit.quantity:force-1.0.2",
   "inherits": [ "autodesk.unit:quantity-1.0.0" ],
   "constants": [
      { "id": "name", "value": "Force" },
      {
         "id": "units",
         "typedValue": [
            { "typeid": "autodesk.unit.unit:newtons-1.0.1" },
            { "typeid": "autodesk.unit.unit:dekanewtons-1.0.1" },
            { "typeid": "autodesk.unit.unit:kilonewtons-1.0.1" },
            { "typeid": "autodesk.unit.unit:meganewtons-1.0.1" },
            { "typeid": "autodesk.unit.unit:kips-1.0.1" },
            { "typeid": "autodesk.unit.unit:kilogramsForce-1.0.1" },
            { "typeid": "autodesk.unit.unit:tonnesForce-1.0.1" },
            { "typeid": "autodesk.unit.unit:usTonnesForce-1.0.1" },
            { "typeid": "autodesk.unit.unit:poundsForce-1.0.1" },
            { "typeid": "autodesk.unit.unit:dynes-1.0.0"},
            { "typeid": "autodesk.unit.unit:ouncesForce-1.0.0"}
         ]
      }
   ]
}
