{
   "annotation": { "description": "Heat Transfer Coefficient." },
   "typeid": "autodesk.unit.quantity:heatTransferCoefficient-1.0.1",
   "inherits": [ "autodesk.unit:quantity-1.0.0" ],
   "constants": [
      { "id": "name", "value": "Heat Transfer Coefficient" },
      {
         "id": "units",
         "typedValue": [
            { "typeid": "autodesk.unit.unit:wattsPerSquareMeterKelvin-1.0.1" },
            { "typeid": "autodesk.unit.unit:britishThermalUnitsPerHourSquareFootDegreeFahrenheit-1.0.1" }
         ]
      }
   ]
}
