{
  "annotation": { "description": "Length." },
  "typeid": "autodesk.unit.quantity:length-1.0.4",
  "inherits": [ "autodesk.unit:quantity-1.0.0" ],
  "constants": [
    { "id": "name", "value": "Length" },
    {
      "id": "units",
      "typedValue": [
        { "typeid": "autodesk.unit.unit:centimeters-1.0.1" },
        { "typeid": "autodesk.unit.unit:decimeters-1.0.1" },
        { "typeid": "autodesk.unit.unit:feet-1.0.1" },
        { "typeid": "autodesk.unit.unit:hectometers-1.0.1" },
        { "typeid": "autodesk.unit.unit:inches-1.0.1" },
        { "typeid": "autodesk.unit.unit:kilometers-1.0.1" },
        { "typeid": "autodesk.unit.unit:meters-1.0.0" },
        { "typeid": "autodesk.unit.unit:microinches-1.0.0" },
        { "typeid": "autodesk.unit.unit:microns-1.0.0" },
        { "typeid": "autodesk.unit.unit:miles-1.0.1" },
        { "typeid": "autodesk.unit.unit:millimeters-1.0.1" },
        { "typeid": "autodesk.unit.unit:mils-1.0.0"},
        { "typeid": "autodesk.unit.unit:nanometers-1.0.0" },
        { "typeid": "autodesk.unit.unit:nauticalMiles-1.0.0" },
        { "typeid": "autodesk.unit.unit:usSurveyFeet-1.0.0" },
        { "typeid": "autodesk.unit.unit:yards-1.0.1" }  
      ]
    }
  ]
}
