{
   "annotation": { "description": "Luminance." },
   "typeid": "autodesk.unit.quantity:luminance-1.0.2",
   "inherits": [ "autodesk.unit:quantity-1.0.0" ],
   "constants": [
      { "id": "name", "value": "Luminance" },
      {
         "id": "units",
         "typedValue": [
            { "typeid": "autodesk.unit.unit:footlamberts-1.0.1" },
            { "typeid": "autodesk.unit.unit:candelasPerSquareFoot-1.0.0" },
            { "typeid": "autodesk.unit.unit:candelasPerSquareMeter-1.0.1" }
         ]
      }
   ]
}
