{
   "annotation": { "description": "Mass per Time." },
   "typeid": "autodesk.unit.quantity:massPerTime-1.0.1",
   "inherits": [ "autodesk.unit:quantity-1.0.0" ],
   "constants": [
      { "id": "name", "value": "Mass per Time" },
      {
         "id": "units",
         "typedValue": [
            { "typeid": "autodesk.unit.unit:poundsMassPerHour-1.0.0" },
            { "typeid": "autodesk.unit.unit:poundsMassPerMinute-1.0.0" },
            { "typeid": "autodesk.unit.unit:poundsMassPerSecond-1.0.0" },
            { "typeid": "autodesk.unit.unit:kilogramsPerHour-1.0.0" },
            { "typeid": "autodesk.unit.unit:kilogramsPerMinute-1.0.0" },
            { "typeid": "autodesk.unit.unit:kilogramsPerSecond-1.0.0" }
         ]
      }
   ]
}
