{
  "annotation": { "description": "Mass." },
  "typeid": "autodesk.unit.quantity:mass-1.0.2",
  "inherits": [ "autodesk.unit:quantity-1.0.0" ],
  "constants": [
    { "id": "name", "value": "Mass" },
    {
      "id": "units",
      "typedValue": [
        { "typeid": "autodesk.unit.unit:kilograms-1.0.0" },
        { "typeid": "autodesk.unit.unit:tonnes-1.0.1" },
        { "typeid": "autodesk.unit.unit:poundsMass-1.0.1" },
        { "typeid": "autodesk.unit.unit:grams-1.0.1" },
        { "typeid": "autodesk.unit.unit:milligrams-1.0.1" },
        { "typeid": "autodesk.unit.unit:nanograms-1.0.1" },
        { "typeid": "autodesk.unit.unit:grains-1.0.1" },
        { "typeid": "autodesk.unit.unit:usTonnesMass-1.0.1" },
        { "typeid": "autodesk.unit.unit:slugs-1.0.0" },
        { "typeid": "autodesk.unit.unit:ouncesMass-1.0.0"}
      ]
    }
  ]
}
