{
   "annotation": { "description": "Permeability." },
   "typeid": "autodesk.unit.quantity:permeability-1.0.1",
   "inherits": [ "autodesk.unit:quantity-1.0.0" ],
   "constants": [
      { "id": "name", "value": "Permeability" },
      {
         "id": "units",
         "typedValue": [
            { "typeid": "autodesk.unit.unit:nanogramsPerPascalSecondSquareMeter-1.0.1" },
            { "typeid": "autodesk.unit.unit:grainsPerHourSquareFootInchMercury-1.0.1" }
         ]
      }
   ]
}
