{
   "annotation": { "description": "Power per Area." },
   "typeid": "autodesk.unit.quantity:powerPerArea-1.0.2",
   "inherits": [ "autodesk.unit:quantity-1.0.0" ],
   "constants": [
      { "id": "name", "value": "Power per Area" },
      {
         "id": "units",
         "typedValue": [
            { "typeid": "autodesk.unit.unit:britishThermalUnitsPerHourSquareFoot-1.0.1" },
            { "typeid": "autodesk.unit.unit:voltAmperesPerSquareFoot-1.0.0" },
            { "typeid": "autodesk.unit.unit:voltAmperesPerSquareMeter-1.0.0" },
            { "typeid": "autodesk.unit.unit:wattsPerSquareFoot-1.0.1" },
            { "typeid": "autodesk.unit.unit:wattsPerSquareMeter-1.0.1" }
         ]
      }
   ]
}
