{
   "annotation": { "description": "Pressure." },
   "typeid": "autodesk.unit.quantity:pressure-1.0.2",
   "inherits": [ "autodesk.unit:quantity-1.0.0" ],
   "constants": [
      { "id": "name", "value": "Pressure" },
      {
         "id": "units",
         "typedValue": [
            { "typeid": "autodesk.unit.unit:atmospheres-1.0.1" },
            { "typeid": "autodesk.unit.unit:bars-1.0.1" },
            { "typeid": "autodesk.unit.unit:feetOfWater39.2DegreesFahrenheit-1.0.1" },
            { "typeid": "autodesk.unit.unit:inchesOfMercury32DegreesFahrenheit-1.0.1" },
            { "typeid": "autodesk.unit.unit:inchesOfWater60DegreesFahrenheit-1.0.1" },
            { "typeid": "autodesk.unit.unit:kilopascals-1.0.1" },
            { "typeid": "autodesk.unit.unit:megapascals-1.0.1" },
            { "typeid": "autodesk.unit.unit:metersOfWaterColumn-1.0.0" },
            { "typeid": "autodesk.unit.unit:millimetersOfMercury-1.0.1" },
            { "typeid": "autodesk.unit.unit:millimetersOfWaterColumn-1.0.0" },
            { "typeid": "autodesk.unit.unit:pascals-1.0.1" },
            { "typeid": "autodesk.unit.unit:poundsForcePerSquareInch-1.0.1" }
         ]
      }
   ]
}
