{
   "annotation": { "description": "Specific Energy." },
   "typeid": "autodesk.unit.quantity:specificEnergy-1.0.1",
   "inherits": [ "autodesk.unit:quantity-1.0.0" ],
   "constants": [
      { "id": "name", "value": "Specific Energy" },
      {
         "id": "units",
         "typedValue": [
            { "typeid": "autodesk.unit.unit:joulesPerGram-1.0.1" },
            { "typeid": "autodesk.unit.unit:joulesPerKilogram-1.0.1" },
            { "typeid": "autodesk.unit.unit:britishThermalUnitsPerPound-1.0.1" }
         ]
      }
   ]
}
