{
   "annotation": { "description": "Thermal Insulance." },
   "typeid": "autodesk.unit.quantity:thermalInsulance-1.0.1",
   "inherits": [ "autodesk.unit:quantity-1.0.0" ],
   "constants": [
      { "id": "name", "value": "Thermal Insulance" },
      {
         "id": "units",
         "typedValue": [
            { "typeid": "autodesk.unit.unit:hourSquareFootDegreesFahrenheitPerBritishThermalUnit-1.0.1" },
            { "typeid": "autodesk.unit.unit:squareMeterKelvinsPerWatt-1.0.1" }
         ]
      }
   ]
}
