{
   "annotation": { "description": "Thermal Expansion Coefficient." },
   "typeid": "autodesk.unit.quantity:thermalExpansionCoefficient-1.0.1",
   "inherits": [ "autodesk.unit:quantity-1.0.0" ],
   "constants": [
      { "id": "name", "value": "Thermal Expansion Coefficient" },
      {
         "id": "units",
         "typedValue": [
            { "typeid": "autodesk.unit.unit:inverseDegreesFahrenheit-1.0.1" },
            { "typeid": "autodesk.unit.unit:inverseDegreesCelsius-1.0.1" },
            { "typeid": "autodesk.unit.unit:micrometersPerMeterDegreeCelsius-1.0.1" },
            { "typeid": "autodesk.unit.unit:microinchesPerInchDegreeFahrenheit-1.0.1" }
         ]
      }
   ]
}
