{
   "annotation": { "description": "Thermal Conductivity." },
   "typeid": "autodesk.unit.quantity:thermalConductivity-1.0.1",
   "inherits": [ "autodesk.unit:quantity-1.0.0" ],
   "constants": [
      { "id": "name", "value": "Thermal Conductivity" },
      {
         "id": "units",
         "typedValue": [
            { "typeid": "autodesk.unit.unit:wattsPerMeterKelvin-1.0.1" },
            { "typeid": "autodesk.unit.unit:britishThermalUnitsPerHourFootDegreeFahrenheit-1.0.1" }
         ]
      }
   ]
}
