{
   "annotation": { "description": "Thermal Gradient Coefficient for Moisture Capacity." },
   "typeid": "autodesk.unit.quantity:thermalGradientCoefficientForMoistureCapacity-1.0.0",
   "inherits": [ "autodesk.unit:quantity-1.0.0" ],
   "constants": [
      { "id": "name", "value": "Thermal Gradient Coefficient for Moisture Capacity" },
      {
         "id": "units",
         "typedValue": [
            { "typeid": "autodesk.unit.unit:kilogramsPerKilogramKelvin-1.0.0" },
            { "typeid": "autodesk.unit.unit:poundsMassPerPoundDegreeFahrenheit-1.0.0" }
         ]
      }
   ]
}
