{
   "annotation": { "description": "Torque per Length." },
   "typeid": "autodesk.unit.quantity:torquePerLength-1.0.1",
   "inherits": [ "autodesk.unit:quantity-1.0.0" ],
   "constants": [
      { "id": "name", "value": "Torque per Length" },
      {
         "id": "units",
         "typedValue": [
            { "typeid": "autodesk.unit.unit:newtonMetersPerMeter-1.0.1" },
            { "typeid": "autodesk.unit.unit:dekanewtonMetersPerMeter-1.0.1" },
            { "typeid": "autodesk.unit.unit:kilonewtonMetersPerMeter-1.0.1" },
            { "typeid": "autodesk.unit.unit:meganewtonMetersPerMeter-1.0.1" },
            { "typeid": "autodesk.unit.unit:kipFeetPerFoot-1.0.1" },
            { "typeid": "autodesk.unit.unit:kilogramForceMetersPerMeter-1.0.1" },
            { "typeid": "autodesk.unit.unit:tonneForceMetersPerMeter-1.0.1" },
            { "typeid": "autodesk.unit.unit:poundForceFeetPerFoot-1.0.1" }
         ]
      }
   ]
}
