{
   "annotation": { "description": "Velocity." },
   "typeid": "autodesk.unit.quantity:velocity-1.0.1",
   "inherits": [ "autodesk.unit:quantity-1.0.0" ],
   "constants": [
      { "id": "name", "value": "Velocity" },
      {
         "id": "units",
         "typedValue": [
            { "typeid": "autodesk.unit.unit:feetPerMinute-1.0.1" },
            { "typeid": "autodesk.unit.unit:centimetersPerMinute-1.0.1" },
            { "typeid": "autodesk.unit.unit:inchesPerSecond-1.0.1" },
            { "typeid": "autodesk.unit.unit:metersPerSecond-1.0.1" },
            { "typeid": "autodesk.unit.unit:feetPerSecond-1.0.1" },
            { "typeid": "autodesk.unit.unit:kilometersPerSecond-1.0.1" },
            { "typeid": "autodesk.unit.unit:milesPerSecond-1.0.1" },
            { "typeid": "autodesk.unit.unit:kilometersPerHour-1.0.1" },
            { "typeid": "autodesk.unit.unit:milesPerHour-1.0.1" }
         ]
      }
   ]
}
